col,row,barcode,sample,illumina_adaptor
1,A,TCAATATC,CF4C01,iA_06
1,B,GAATAGTC,CF4C02,iA_06
1,C,TTGACTCC,CF4C03,iA_06
1,D,TCTTCTGC,CF4C04,iA_06
1,E,TTCAACCC,CF4C05,iA_06
1,F,TTGAGGAC,CF4C06,iA_06
1,G,AATCAGTC,CF4C07,iA_06
1,H,GGCATATC,CF4D01,iA_06
2,A,ACCGCCTC,CF4D02,iA_06
2,B,GATTGATC,CF4D03,iA_06
2,C,AACTGCGC,CF4D04,iA_06
2,D,TGATCGCC,CF4D05,iA_06
2,E,GGCAAGGC,CF4D06,iA_06
2,F,TCGCAAGC,CF4D07,iA_06
2,G,TCCGGAAC,CF4D08,iA_06
2,H,ATACCGCC,CF4D09,iA_06
3,A,ACTTGAAC,CF4D10,iA_06
3,B,TATGCAGC,CF4E01,iA_06
3,C,GAAGCGCC,CF4E02,iA_06
3,D,GAGGTAGC,CF4E03,iA_06
3,E,CCGCTACC,CF4E04,iA_06
3,F,CAAGACCC,CF4E05,iA_06
3,G,CTCTCAGC,CF4E06,iA_06
3,H,AATCTCAC,CF4E07,iA_06
4,A,GCAGGATC,CF4E08,iA_06
4,B,GGTAGGTC,CF4E09,iA_06
4,C,CATCGTCC,CF4E10,iA_06
4,D,TTCAGAGC,CF4E11,iA_06
4,E,CTGCTGAC,CF4E12,iA_06
4,F,AGAGATTC,CF4E13,iA_06
4,G,CGCAATTC,CF4E14,iA_06
4,H,CGCTTGAC,CF4E15,iA_06
5,A,CCGTTCAC,CF4E16,iA_06
5,B,GCCGTCAC,CF4E17,iA_06
5,C,TTAGGCGC,CF4E18,iA_06
5,D,CGGTTAGC,CF4F01,iA_06
5,E,AGACGGAC,CF4F02,iA_06
5,F,TAGCATCC,CF4F03,iA_06
5,G,TTCCTGCC,CF4F04,iA_06
5,H,AATGATGC,CF4F05,iA_06
6,A,AGGAGGCC,CF4F06,iA_06
6,B,TTATCCTC,CF4F07,iA_06
6,C,ACTCTAGC,CF4F08,iA_06
6,D,GGCCATCC,CF4F09,iA_06
6,E,CAGAGTTC,contaminated,iA_06
6,F,ATCATCAC,CF4F11,iA_06
6,G,GAACTTGC,CF4F12,iA_06
6,H,CGCGGAGC,CF4F13,iA_06
7,A,TGCCAGAC,CF4F14,iA_06
7,B,TCTCTTAC,CF4F15,iA_06
7,C,GGTCGACC,CF4F16,iA_06
7,D,GCTCTCCC,CF4F17,iA_06
7,E,GGATATAC,CF4G01,iA_06
7,F,GGACTCAC,CF4G02,iA_06
7,G,TCTATCGC,CF4G03,iA_06
7,H,GACGGTAC,CF4G04,iA_06
8,A,GTTCATAC,CF4G05,iA_06
8,B,ACTACGAC,CF4G06,iA_06
8,C,AGCTTCTC,CF4G07,iA_06
8,D,ACCGAGGC,CF4G08,iA_06
8,E,TATACTAC,CF4G09,iA_06
8,F,GGTATTGC,CF4G10,iA_06
8,G,CCGTCTTC,CF4G11,iA_06
8,H,CTGGAATC,CF4G12,iA_06
9,A,TTCCGCAC,CF4G13,iA_06
9,B,CAATCATC,CF4G14,iA_06
9,C,AAGCGAGC,CF4G15,iA_06
9,D,GAATGCCC,CF4A15,iA_06
9,E,CGGAAGAC,CF4A16,iA_06
9,F,AGGAATGC,CF4A17,iA_06
9,G,CGGTATCC,CF4A18,iA_06
9,H,GGAGTACC,CF4A19,iA_06
10,A,CTAGTCTC,CF4A20,iA_06
10,B,ATGACGGC,CF4A21,iA_06
10,C,TAGGACTC,CF4A22,iA_06
10,D,GCAACTTC,CF4A23,iA_06
10,E,GCGTCGCC,CF4A24,iA_06
10,F,AATGGCTC,CF4A25,iA_06
10,G,TCAACGGC,CF4A26,iA_06
10,H,GTATCGGC,CF4A27,iA_06
11,A,ATGGCAAC,CF4A28,iA_06
11,B,TTCGGTCC,CF4A29,iA_06
11,C,CGTACGGC,CF4A30,iA_06
11,D,TCAAGCAC,CF4H01,iA_06
11,E,CATTATTC,CF4H02,iA_06
11,F,AACTCGAC,CF4H03,iA_06
11,G,CCTGGACC,CF4H04,iA_06
11,H,CTGGCTGC,CF4H05,iA_06
12,A,CTTACCTC,CF4H06,iA_06
12,B,CTACCTTC,CF4H07,iA_06
12,C,GTCCTCTC,CF4H08,iA_06
12,D,TGGTTCCC,CF4H09,iA_06
12,E,ACCTACCC,CF4H10,iA_06
12,F,CTATGAAC,CF4H11,iA_06
12,G,AAGGAACC,CF4H12,iA_06
12,H,ACGCAGAC,CF4H13,iA_06
1,A,TCAATATC,CF4H14,iA_12
1,B,GAATAGTC,CF4H15,iA_12
1,C,TTGACTCC,CF4H16,iA_12
1,D,TCTTCTGC,CF4H17,iA_12
1,E,TTCAACCC,CF4H18,iA_12
1,F,TTGAGGAC,CF4H19,iA_12
1,G,AATCAGTC,CF4H20,iA_12
1,H,GGCATATC,CF4H21,iA_12
2,A,ACCGCCTC,CF4I01,iA_12
2,B,GATTGATC,CF4I02,iA_12
2,C,AACTGCGC,CF4I03,iA_12
2,D,TGATCGCC,CF4I04,iA_12
2,E,GGCAAGGC,CF4I05,iA_12
2,F,TCGCAAGC,CF4I06,iA_12
2,G,TCCGGAAC,CF4J01,iA_12
2,H,ATACCGCC,CF4J02,iA_12
3,A,ACTTGAAC,CF4J03,iA_12
3,B,TATGCAGC,CF4J04,iA_12
3,C,GAAGCGCC,CF4J05,iA_12
3,D,GAGGTAGC,CF4J06,iA_12
3,E,CCGCTACC,CF4J07,iA_12
3,F,CAAGACCC,CF4J08,iA_12
3,G,CTCTCAGC,CF4J09,iA_12
3,H,AATCTCAC,CF4J10,iA_12
4,A,GCAGGATC,CF4J11,iA_12
4,B,GGTAGGTC,CF4J12,iA_12
4,C,CATCGTCC,CF4J13,iA_12
4,D,TTCAGAGC,CF4J14,iA_12
4,E,CTGCTGAC,CF4J15,iA_12
4,F,AGAGATTC,CF4J16,iA_12
4,G,CGCAATTC,CF4J17,iA_12
4,H,CGCTTGAC,CF4J18,iA_12
5,A,CCGTTCAC,CF4J19,iA_12
5,B,GCCGTCAC,CF4J20,iA_12
5,C,TTAGGCGC,CF4J21,iA_12
5,D,CGGTTAGC,CF4J22,iA_12
5,E,AGACGGAC,CF4J23,iA_12
5,F,TAGCATCC,CF4J24,iA_12
5,G,TTCCTGCC,CF4J25,iA_12
5,H,AATGATGC,CF4J26,iA_12
6,A,ATGGCAAC,CF4J27,iA_12
6,B,TTCGGTCC,CF4K01,iA_12
6,C,CGTACGGC,CF4K02,iA_12
6,D,TCAAGCAC,CF4K03,iA_12
6,E,CATTATTC,CF4K04,iA_12
6,F,AACTCGAC,CF4K05,iA_12
6,G,CCTGGACC,CF4K06,iA_12
6,H,CTGGCTGC,CF4K07,iA_12
7,A,TGCCAGAC,CF4K08,iA_12
7,B,TCTCTTAC,CF4K09,iA_12
7,C,GGTCGACC,CF4K10,iA_12
7,D,GCTCTCCC,CF4K11,iA_12
7,E,GGATATAC,CF4K12,iA_12
7,F,GGACTCAC,CF4K13,iA_12
7,G,TCTATCGC,CF4K14,iA_12
7,H,GACGGTAC,CF4K15,iA_12
8,A,GTTCATAC,CF4K16,iA_12
8,B,ACTACGAC,CF4K17,iA_12
8,C,AGCTTCTC,CF4K18,iA_12
8,D,ACCGAGGC,CF4L01,iA_12
8,E,TATACTAC,CF4L02,iA_12
8,F,GGTATTGC,CF4L03,iA_12
8,G,CCGTCTTC,CF4L04,iA_12
8,H,CTGGAATC,CF4L05,iA_12
9,A,TTCCGCAC,CF4L06,iA_12
9,B,CAATCATC,CF4L07,iA_12
9,C,AAGCGAGC,CF4L08,iA_12
9,D,GAATGCCC,CF4L09,iA_12
9,E,CGGAAGAC,CF4L10,iA_12
9,F,AGGAATGC,CF4L11,iA_12
9,G,CGGTATCC,CF4L12,iA_12
9,H,GGAGTACC,CF4L13,iA_12
10,A,CTAGTCTC,CF4L14,iA_12
10,B,ATGACGGC,CF4L15,iA_12
10,C,TAGGACTC,CF4L16,iA_12
10,D,GCAACTTC,CF4L17,iA_12
10,E,GCGTCGCC,CF4L18,iA_12